{
	"angularPid" : 
	{
		"Kd" : 2,
		"Ki" : 0.1,
		"Kp" : 4
	},
	"speedPid" : 
	{
		"Kd" : 0.30000001192092896,
		"Ki" : 0.30000001192092896,
		"Kp" : 4.0999999046325684
	}
}