{
	"angularPid" : 
	{
		"Kd" : 0.3,
		"Ki" : 0.0,
		"Kp" : 2
	},
	"speedPid" : 
	{
		"Kd" : 0.30000001192092896,
		"Ki" : 0.30000001192092896,
		"Kp" : 4.0999999046325684
	}
}